Keyword,Intent,Volume,Keyword Difficulty,CPC (USD),SERP Features
ultrapanda,Informational,18100,52,3.69,"Image, Video, People also ask, Related searches, See results about"
ultrapanda mobi,Informational,5400,28,3.75,Related searches
ultrapanda login,"Navigational, Transactional",1900,30,6.03,"People also ask, Related searches"
ultrapanda.mobi,Informational,1600,28,0.00,
ultrapanda backend,Informational,1300,7,0.00,"Image, Related searches"
ultrapanda admin login,"Navigational, Transactional",590,29,0.00,"Sitelinks, Related searches"
ultrapanda 777,Navigational,390,50,4.01,"Sitelinks, Video, Related searches"
ultrapanda download,Navigational,390,38,7.37,"Sitelinks, Instant answer, Related searches, See results about"
ultrapanda mobi login,"Navigational, Transactional",390,36,15.04,"Sitelinks, Related searches"
www.ultrapanda,Navigational,390,51,0.00,"Sitelinks, Video"
www.ultrapanda.,Navigational,390,53,0.00,"Sitelinks, Video, People also ask"
www.ultrapanda.mobil,"Informational, Commercial",390,35,0.00,People also ask
ultrapanda online,Navigational,260,57,4.47,"Sitelinks, Video, Related searches"
www ultrapanda,Navigational,260,41,4.10,"Sitelinks, Video, Related searches"
www ultrapanda.mobi/,Navigational,260,15,4.00,"Sitelinks, Video, People also ask"
https www ultrapanda mobi,Informational,210,18,5.05,"Video, Related searches"
https//www.ultrapanda.mobi,Navigational,170,13,0.00,"Sitelinks, Video"
www ultrapanda mobi,Navigational,170,13,4.73,"People also ask, Related searches"
www.ultrapanda.mobile/,"Informational, Commercial",170,50,0.00,"Video, People also ask"
https://ht.ultrapanda. mobi,Informational,140,10,0.00,Related searches
ultrapanda agent login,"Navigational, Transactional",140,8,0.00,"Image, People also ask, Related searches"
ultrapanda mobi login password,"Navigational, Transactional",140,36,0.00,"People also ask, Related searches"
ultrapanda.mobi login,"Navigational, Transactional",140,51,0.00,"Sitelinks, People also ask, Related searches"
www ultrapanda mobi ultra panda,Informational,140,19,0.00,"Video, People also ask, Related searches"
www ultrapanda mobil,,140,14,4.73,"People also ask, Related searches"
www.ultrapanda.mobi,Navigational,140,26,0.00,"Sitelinks, People also ask"
www.ultrapanda.mobil/,Navigational,140,39,0.00,"Sitelinks, People also ask"
ht ultrapanda,Commercial,110,19,0.00,"People also ask, Related searches"
http www ultrapanda mobi,Navigational,110,24,5.18,"Sitelinks, Related searches"
https //ht.ultrapanda.mobi,Commercial,110,10,0.00,
https://www.ultrapanda.mobi/,Navigational,110,26,5.07,"Sitelinks, People also ask"
http //ultrapanda.mobi download,Navigational,90,44,0.00,"People also ask, Related searches"
http://www.ultrapanda.mobi/,Navigational,90,34,3.64,"Sitelinks, People also ask"
ultrapanda admin,Informational,90,7,0.00,"People also ask, Related searches"
ultrapanda mobi account,Navigational,90,33,0.00,"Sitelinks, Video, Related searches"
http //www.ultrapanda.mobi,Navigational,70,50,0.00,"Sitelinks, People also ask"
ultrapanda backend login,"Navigational, Transactional",70,9,0.00,"People also ask, Related searches"
ultrapanda game,Navigational,70,47,5.67,"Sitelinks, Video, Related searches"
ultrapanda login app,"Navigational, Transactional",70,52,0.00,"Sitelinks, People also ask, Related searches"
ultrapanda mobi download,Navigational,70,44,0.00,"Sitelinks, Related searches"
www.ultrapanda.mobi ultra panda,Navigational,70,50,0.00,"Sitelinks, Video, People also ask, Related searches"
ht ultrapanda mobi,Commercial,50,18,0.00,"Video, People also ask, Related searches"
ht.ultrapanda,"Informational, Commercial",50,13,0.00,Image
ht.ultrapanda.mobi/,Informational,50,13,0.00,"Sitelinks, Video"
http //ultrapanda.mobi,Navigational,50,38,0.00,"Sitelinks, People also ask"
https //ultrapanda.mobi,Navigational,50,9,0.00,Sitelinks
ultrapanda apk,Navigational,50,22,0.00,Related searches
ultrapanda game login,"Navigational, Transactional",50,50,0.00,"Sitelinks, People also ask, Related searches"
https www ultrapanda mobi login,"Navigational, Transactional",40,14,0.00,"People also ask, Related searches"
ultrapand,Informational,40,25,0.00,"Sitelinks, Image, Video, People also ask, Related searches, See results about"
ultrapanda apk download,"Informational, Transactional",40,32,0.00,Related searches
ultrapanda casino,Navigational,40,48,5.56,"Sitelinks, Related searches"
ultrapanda.moni,Navigational,40,15,0.00,Sitelinks
www.ultrapanda.mob,"Informational, Commercial",40,32,0.00,Video
www.ultrapanda.mobi/,Navigational,40,17,0.00,"Sitelinks, Video, People also ask"
ultrapanda 777 download,,30,,0.00,
ultrapanda download link,,30,,0.00,
ultrapanda free play,Informational,30,58,2.93,"Instant answer, Video, Related searches"
ultrapanda games,Informational,30,46,4.57,"Video, Related searches"
ultrapanda mobi app,,30,,0.00,
ultrapanda/mobi,,30,,0.00,
www.ultrapanda.mobi download,,30,,0.00,
https //www.ultrapanda.mobi login,,20,,0.00,
ultrapanda admin login password,,20,,0.00,
ultrapanda android download,,20,,0.00,
ultrapanda download for android,,20,,0.00,
ultrapanda download ios,,20,,0.00,
ultrapanda logo,,20,,0.00,
ultrapanda master,,20,,0.00,
ultrapanda mobi download for android,,20,,0.00,
ultrapanda mobil,,20,,3.75,
ultrapanda net,,20,,0.00,
ultrapanda online login,,20,,0.00,
ultrapanda sign up,,20,,5.88,
ultrapanda. mobi,,20,,0.00,
ultrapanda.mobil,,20,,0.00,
www ultrapanda.mobi,,20,,0.00,
https ultrapanda mobi,,10,,0.00,
https ultrapanda.mobi,,10,,0.00,
https://ht.ultrapanda.mobi/,,10,,0.00,
ultrapanda app,,10,,0.00,
ultrapanda backend agent login,,10,,0.00,
ultrapanda download free,,10,,0.00,
ultrapanda game link,,10,,0.00,
ultrapanda login admin,,10,,0.00,
ultrapanda moni,,10,,0.00,
ultrapanda reviews,,10,,0.00,
ultrapanda.,,10,,0.00,
ultrapanda.com,,10,,0.00,
ultrapanda.mob,,10,,0.00,
ultrapanda.net,,10,,0.00,
www ultrapanda mobi download,,10,,0.00,
www ultrapanda mobi ultra panda login,,10,,0.00,
www.ultrapanda mobi.com,,10,,0.00,
www.ultrapanda.777,,10,,0.00,
www.ultrapanda.com,,10,,0.00,
www.ultrapanda.mobl,,10,,0.00,
about https://www.ultrapanda.mobi/,,0,,0.00,
dl.ultrapanda,,0,,0.00,
download ultrapanda,,0,,0.00,
ht.ultrapanda.mobi,,0,,0.00,
http //www.ultrapanda.mobi/,,0,,0.00,
http ultrapanda mobi,,0,,0.00,
http ultrapanda mobi download,,0,,0.00,
http//www.ultrapanda.mobi,,0,,0.00,
http://www.ultrapanda.mobi,,0,,0.00,
https //www.ultrapanda.mobi download,,0,,0.00,
https ht ultrapanda mobi,,0,,2.05,
https://ultrapanda,,0,,0.00,
https://www.ultrapanda.mobi,,0,,0.00,
https://www.ultrapanda.mobi/shelfbagweb/,,0,,0.00,
play ultrapanda,,0,,3.65,
play ultrapanda game,,0,,0.00,
play ultrapanda online,,0,,0.00,
search https //www.ultrapanda.mobi/,,0,,0.00,
ultramonster ultrapanda,,0,,0.00,
ultrapanda .mobi,,0,,0.00,
ultrapanda 777 apk,,0,,0.00,
ultrapanda 777 login,,0,,0.00,
ultrapanda agent,,0,,0.00,
ultrapanda casino game,,0,,0.00,
ultrapanda casino slots,,0,,0.00,
ultrapanda cheats,,0,,0.00,
ultrapanda com,,0,,2.97,
ultrapanda customer service,,0,,0.00,
ultrapanda dashboard,,0,,0.00,
ultrapanda freeplay,,0,,0.00,
ultrapanda game online,,0,,0.00,
ultrapanda gaming platform,,0,,0.00,
ultrapanda http://www.ultrapanda.mobi/,,0,,0.00,
ultrapanda ios,,0,,0.00,
ultrapanda ios download,,0,,0.00,
ultrapanda link,,0,,0.00,
ultrapanda management,,0,,0.00,
ultrapanda mob,,0,,3.75,
ultrapanda mobi hack,,0,,0.00,
ultrapanda mobi login free,,0,,0.00,
ultrapanda mobi online,,0,,0.00,
ultrapanda mobile,,0,,3.75,
ultrapanda panda777 texas slots,,0,,0.00,
ultrapanda play online,,0,,0.00,
ultrapanda slots,,0,,0.00,
ultrapanda web,,0,,0.00,
ultrapanda web version,,0,,0.00,
ultrapanda.777,,0,,0.00,
ultrapanda.mobi download,,0,,0.00,
ultrapanda.mobi/,,0,,0.00,
ultrapanda.mobile,,0,,0.00,
ultrapanda.movi,,0,,0.00,
ultrapandahttps www ultrapanda mobiultrapanda,,0,,0.00,
ultrapandahttps://www.ultrapanda.mobiultra panda,,0,,0.00,
ultrapandahttps://www.ultrapanda.mobiultrapanda,,0,,0.00,
ultrapands,,0,,3.69,
www ultrapanda 777,,0,,0.00,
www ultrapanda com,,0,,0.00,
www ultrapanda mob,,0,,4.10,
www ultrapanda mobi com,,0,,5.29,
www ultrapanda mobile,,0,,4.10,
www. ultrapanda .mobi/,,0,,0.00,
www.ultrapanda mobi,,0,,0.00,
www.ultrapanda. mobi/,,0,,0.00,
www.ultrapanda.mobi /,,0,,0.00,
www.ultrapanda.moblie,,0,,0.00,
www.ultrapanda/mobi,,0,,0.00,
